SYBT-CE-S1,SYBT-CE-S2
SYBT-CE-S1,SYBT-CE-S3
SYBT-CE-S1,SYBT-CE-S4
SYBT-CE-S1,SYBT-CE-DSY
SYBT-CE-S2,SYBT-CE-S1
SYBT-CE-S2,SYBT-CE-S3
SYBT-CE-S2,SYBT-CE-S4
SYBT-CE-S2,SYBT-CE-DSY
SYBT-CE-S3,SYBT-CE-S1
SYBT-CE-S3,SYBT-CE-S2
SYBT-CE-S3,SYBT-CE-S4
SYBT-CE-S3,SYBT-CE-DSY
SYBT-CE-S4,SYBT-CE-S1
SYBT-CE-S4,SYBT-CE-S2
SYBT-CE-S4,SYBT-CE-S3
SYBT-CE-S4,SYBT-CE-DSY
SYBT-CE-DSY,SYBT-CE-S1
SYBT-CE-DSY,SYBT-CE-S2
SYBT-CE-DSY,SYBT-CE-S3
SYBT-CE-DSY,SYBT-CE-S4
SYBT-IT-S1,SYBT-IT-S2
SYBT-IT-S1,SYBT-IT-S3
SYBT-IT-S1,SYBT-IT-S4
SYBT-IT-S1,SYBT-IT-DSY
SYBT-IT-S2,SYBT-IT-S1
SYBT-IT-S2,SYBT-IT-S3
SYBT-IT-S2,SYBT-IT-S4
SYBT-IT-S2,SYBT-IT-DSY
SYBT-IT-S3,SYBT-IT-S1
SYBT-IT-S3,SYBT-IT-S2
SYBT-IT-S3,SYBT-IT-S4
SYBT-IT-S3,SYBT-IT-DSY
SYBT-IT-S4,SYBT-IT-S1
SYBT-IT-S4,SYBT-IT-S2
SYBT-IT-S4,SYBT-IT-S3
SYBT-IT-S4,SYBT-IT-DSY
SYBT-IT-DSY,SYBT-IT-S1
SYBT-IT-DSY,SYBT-IT-S2
SYBT-IT-DSY,SYBT-IT-S3
SYBT-IT-DSY,SYBT-IT-S4
